CAS,Density g/ml,V/ul,loading solvent,Volume of loading solvent/ul,PE/EA,Flow mL/min,Ending time,column_specs,t1,t2,smiles,verified t1,verified t2
62-53-3,1.022,100,DCM,400,90/10,10,2024-11-26_14-51-52,NH2,286,1402,C1=CC=C(C=C1)N,286,1402
62-53-3,1.022,100,DCM,400,80/20,10,2024-11-26_15-39-15,NH2,2324,2319,C1=CC=C(C=C1)N,2324,2319
62-53-3,1.022,100,DCM,400,70/30,10,2024-11-26_15-43-22,NH2,455,1443,C1=CC=C(C=C1)N,455,1443
62-53-3,1.022,100,DCM,400,60/40,10,2024-11-26_15-48-04,NH2,451,1791,C1=CC=C(C=C1)N,451,1791
62-53-3,1.022,100,DCM,400,50/50,10,2024-11-26_15-57-23,NH2,393,4507,C1=CC=C(C=C1)N,393,4507
93-98-1,1.315,100,DCM,400,90/10,10,2024-11-26_16-12-28,NH2,265,1110,C1=CC=C(C=C1)C(=O)NC2=CC=CC=C2,265,1110
93-98-1,1.315,100,DCM,400,80/20,10,2024-11-26_16-43-03,NH2,-1,-1,C1=CC=C(C=C1)C(=O)NC2=CC=CC=C2,-1,-1
93-98-1,1.315,100,DCM,400,70/30,10,2024-11-26_16-47-05,NH2,267,1341,C1=CC=C(C=C1)C(=O)NC2=CC=CC=C2,267,1341
93-98-1,1.315,100,DCM,400,60/40,10,2024-11-26_17-17-39,NH2,-1,-1,C1=CC=C(C=C1)C(=O)NC2=CC=CC=C2,-1,-1
93-98-1,1.315,100,DCM,400,50/50,10,2024-11-26_17-21-46,NH2,220,1385,C1=CC=C(C=C1)C(=O)NC2=CC=CC=C2,220,1385
89-86-1,1.3725,100,DCM,400,90/10,10,2024-11-26_18-02-05,NH2,278,710,C1=CC(=C(C=C1O)O)C(=O)O  ,278,710
89-86-1,1.3725,100,DCM,400,80/20,10,2024-11-26_18-07-07,NH2,463,1967,C1=CC(=C(C=C1O)O)C(=O)O  ,463,1967
89-86-1,1.3725,100,DCM,400,70/30,10,2024-11-26_18-11-54,NH2,458,1847,C1=CC(=C(C=C1O)O)C(=O)O  ,458,1847
89-86-1,1.3725,100,DCM,400,60/40,10,2024-11-26_18-21-33,NH2,449,4704,C1=CC(=C(C=C1O)O)C(=O)O  ,449,4704
89-86-1,1.3725,100,DCM,400,50/50,10,2024-11-26_18-34-12,NH2,414,5803,C1=CC(=C(C=C1O)O)C(=O)O  ,414,5803
123-31-9,1.32,100,DCM,400,90/10,10,2024-11-26_19-53-31,NH2,255,1264,C1=CC(=CC=C1O)O,255,1264
123-31-9,1.32,100,DCM,400,80/20,10,2024-11-26_19-57-13,NH2,486,1159,C1=CC(=CC=C1O)O,486,1159
123-31-9,1.32,100,DCM,400,70/30,10,2024-11-26_20-01-00,NH2,485,1218,C1=CC(=CC=C1O)O,485,1218
123-31-9,1.32,100,DCM,400,60/40,10,2024-11-26_20-16-42,NH2,256,929,C1=CC(=CC=C1O)O,256,929
123-31-9,1.32,100,DCM,400,50/50,10,2024-11-26_20-20-28,NH2,433,1247,C1=CC(=CC=C1O)O,433,1247
92-52-4,0.992,100,DCM,400,90/10,10,2024-11-26_20-26-20,NH2,295,836,C1=CC=C(C=C1)C2=CC=CC=C2,295,836
92-52-4,0.992,100,DCM,400,80/20,10,2024-11-26_20-29-52,NH2,488,1082,C1=CC=C(C=C1)C2=CC=CC=C2,488,1082
92-52-4,0.992,100,DCM,400,70/30,10,2024-11-26_20-34-59,NH2,484,2016,C1=CC=C(C=C1)C2=CC=CC=C2,484,2016
92-52-4,0.992,100,DCM,400,60/40,10,2024-11-26_20-40-51,NH2,480,2480,C1=CC=C(C=C1)C2=CC=CC=C2,480,2480
92-52-4,0.992,100,DCM,400,50/50,10,2024-11-26_20-44-13,NH2,484,976,C1=CC=C(C=C1)C2=CC=CC=C2,484,976
941-98-0,1.12,100,DCM,400,90/10,10,2024-11-27_19-26-21,NH2,556,932,CC(=O)C1=CC=CC2=CC=CC=C21,556,932
941-98-0,1.12,100,DCM,400,80/20,10,2024-11-27_19-29-43,NH2,552,953,CC(=O)C1=CC=CC2=CC=CC=C21,552,953
941-98-0,1.12,100,DCM,400,70/30,10,2024-11-27_19-33-10,NH2,554,1022,CC(=O)C1=CC=CC2=CC=CC=C21,554,1022
941-98-0,1.12,100,DCM,400,60/40,10,2024-11-27_19-36-41,NH2,562,1058,CC(=O)C1=CC=CC2=CC=CC=C21,562,1058
941-98-0,1.12,100,DCM,400,50/50,10,2024-11-27_19-40-23,NH2,552,1156,CC(=O)C1=CC=CC2=CC=CC=C21,552,1156
103-36-6,1.049,100,DCM,400,90/10,10,2024-11-27_20-00-34,NH2,285,2204,CCOC(=O)/C=C/C1=CC=CC=C1,285,2204
103-36-6,1.049,100,DCM,400,80/20,10,2024-11-27_20-04-51,NH2,469,1545,CCOC(=O)/C=C/C1=CC=CC=C1,469,1545
103-36-6,1.049,100,DCM,400,70/30,10,2024-11-27_20-10-54,NH2,455,2578,CCOC(=O)/C=C/C1=CC=CC=C1,455,2578
103-36-6,1.049,100,DCM,400,60/40,10,2024-11-27_20-36-47,NH2,450,14385,CCOC(=O)/C=C/C1=CC=CC=C1,450,14385
98-80-6,1.13,100,MeOH,400,90/10,10,2024-11-27_20-42-32,NH2,307,650,B(C1=CC=CC=C1)(O)O,307,650
98-80-6,1.13,100,MeOH,400,80/20,10,2024-11-27_20-45-38,NH2,503,831,B(C1=CC=CC=C1)(O)O,503,831
609-06-3,1.525,100,H2O,400,90/10,10,2024-11-28_13-08-08,NH2,289,1280,C([C@@H]([C@H]([C@@H](C=O)O)O)O)O,289,1280
609-06-3,1.525,100,H2O,400,80/20,10,2024-11-28_13-21-57,NH2,2351,3021,C([C@@H]([C@H]([C@@H](C=O)O)O)O)O,2351,3021
637-59-2,1.31,100,DCM,400,90/10,10,2024-11-29_15-47-40,NH2,316,690,C1=CC=C(C=C1)CCCBr,316,690
637-59-2,1.31,100,DCM,400,80/20,10,2024-11-29_15-50-56,NH2,492,911,C1=CC=C(C=C1)CCCBr,492,911
637-59-2,1.31,100,DCM,400,70/30,10,2024-11-29_15-54-28,NH2,502,1055,C1=CC=C(C=C1)CCCBr,502,1055
637-59-2,1.31,100,DCM,400,60/40,10,2024-11-29_16-00-15,NH2,462,2410,C1=CC=C(C=C1)CCCBr,462,2410
637-59-2,1.31,100,DCM,400,50/50,10,2024-11-29_16-10-19,NH2,516,4956,C1=CC=C(C=C1)CCCBr,516,4956
122-97-4,1.001,100,DCM,400,90/10,10,2024-11-29_16-13-35,NH2,306,555,C1=CC=C(C=C1)CCCO,306,555
122-97-4,1.001,100,DCM,400,80/20,10,2024-11-29_16-16-56,NH2,486,965,C1=CC=C(C=C1)CCCO,486,965
122-97-4,1.001,100,DCM,400,70/30,10,2024-11-29_16-20-08,NH2,483,859,C1=CC=C(C=C1)CCCO,483,859
122-97-4,1.001,100,DCM,400,60/40,10,2024-11-29_16-50-42,NH2,-1,-1,C1=CC=C(C=C1)CCCO,-1,-1
122-97-4,1.001,100,DCM,400,50/50,10,2024-11-29_16-53-24,NH2,257,590,C1=CC=C(C=C1)CCCO,257,590
26537-19-9,0.995,100,DCM,400,90/10,10,2024-11-29_17-21-28,NH2,299,706,CC(C)(C)C1=CC=C(C=C1)C(=O)OC,299,706
26537-19-9,0.995,100,DCM,400,80/20,10,2024-11-29_17-24-55,NH2,498,1028,CC(C)(C)C1=CC=C(C=C1)C(=O)OC,498,1028
26537-19-9,0.995,100,DCM,400,70/30,10,2024-11-29_17-28-22,NH2,494,1014,CC(C)(C)C1=CC=C(C=C1)C(=O)OC,494,1014
26537-19-9,0.995,100,DCM,400,60/40,10,2024-11-29_17-31-43,NH2,476,995,CC(C)(C)C1=CC=C(C=C1)C(=O)OC,476,995
26537-19-9,0.995,100,DCM,400,50/50,10,2024-11-29_17-36-10,NH2,446,1641,CC(C)(C)C1=CC=C(C=C1)C(=O)OC,446,1641
624-48-6,1.152,100,DCM,400,90/10,10,2024-11-29_17-47-18,NH2,285,1400,COC(=O)/C=C\C(=O)OC  ,285,1400
624-48-6,1.152,100,DCM,400,80/20,10,2024-11-29_17-52-10,NH2,473,1853,COC(=O)/C=C\C(=O)OC  ,473,1853
624-48-6,1.152,100,DCM,400,70/30,10,2024-11-29_17-56-42,NH2,461,1699,COC(=O)/C=C\C(=O)OC  ,461,1699
624-48-6,1.152,100,DCM,400,60/40,10,2024-11-29_18-05-00,NH2,456,3927,COC(=O)/C=C\C(=O)OC  ,456,3927
624-48-6,1.152,100,DCM,400,50/50,10,2024-11-29_18-19-55,NH2,350,6711,COC(=O)/C=C\C(=O)OC  ,350,6711
626-34-6,1.022,100,DCM,400,90/10,10,2024-11-29_18-32-25,NH2,278,1227,CCOC(=O)/C=C(/C)\N,278,1227
626-34-6,1.022,100,DCM,400,80/20,10,2024-11-29_18-37-37,NH2,478,2054,CCOC(=O)/C=C(/C)\N,478,2054
626-34-6,1.022,100,DCM,400,70/30,10,2024-11-29_18-42-09,NH2,475,1658,CCOC(=O)/C=C(/C)\N,475,1658
626-34-6,1.022,100,DCM,400,60/40,10,2024-11-29_18-46-11,NH2,467,1363,CCOC(=O)/C=C(/C)\N,467,1363
626-34-6,1.022,100,DCM,400,50/50,10,2024-11-29_18-50-43,NH2,429,1659,CCOC(=O)/C=C(/C)\N,429,1659
15486-19-8,1.267,100,DCM,400,90/10,10,2024-11-29_19-14-10,NH2,374,610,CC(=O)OC1=CC=C(C=C1)/C=C/C(=O)O,374,610
15486-19-8,1.267,100,DCM,400,80/20,10,2024-11-29_19-44-44,NH2,598,685,CC(=O)OC1=CC=C(C=C1)/C=C/C(=O)O,598,685
66-99-9,1.6211,100,DCM,400,90/10,10,2024-11-29_20-01-14,NH2,492,1776,C1=CC=C2C=C(C=CC2=C1)C=O,492,1776
66-99-9,1.6211,100,DCM,400,80/20,10,2024-11-29_20-29-19,NH2,518,2887,C1=CC=C2C=C(C=CC2=C1)C=O,518,2887
1745-81-9,1.028,100,DCM,400,90/10,10,2024-11-30_13-37-21.xlsx,NH2,306,946,C=CCC1=CC=CC=C1O,306,946
1745-81-9,1.028,100,DCM,400,80/20,10,2024-11-30_13-56-42.xlsx,NH2,500,1413,C=CCC1=CC=CC=C1O,500,1413
1745-81-9,1.028,100,DCM,400,70/30,10,2024-11-30_14-03-10.xlsx,NH2,494,1918,C=CCC1=CC=CC=C1O,494,1918
1745-81-9,1.028,100,DCM,400,60/40,10,2024-11-30_14-06-57.xlsx,NH2,487,1241,C=CCC1=CC=CC=C1O,487,1241
1745-81-9,1.028,100,DCM,400,50/50,10,2024-11-30_14-10-38.xlsx,NH2,439,1181,C=CCC1=CC=CC=C1O,439,1181
1746-13-0,0.978,100,DCM,400,90/10,10,2024-11-30_14-23-15.xlsx,NH2,301,729,C=CCOC1=CC=CC=C1,301,729
1746-13-0,0.978,100,DCM,400,80/20,10,2024-11-30_14-44-47.xlsx,NH2,485,2054,C=CCOC1=CC=CC=C1,485,2054
1746-13-0,0.978,100,DCM,400,70/30,10,2024-11-30_14-52-40.xlsx,NH2,442,1641,C=CCOC1=CC=CC=C1,442,1641
1746-13-0,0.978,100,DCM,400,60/40,10,2024-11-30_14-58-02.xlsx,NH2,413,1940,C=CCOC1=CC=CC=C1,413,1940
1746-13-0,0.978,100,DCM,400,50/50,10,2024-11-30_15-04-31.xlsx,NH2,423,2837,C=CCOC1=CC=CC=C1,423,2837
123-11-5,1.121,100,DCM,400,90/10,10,2024-11-30_15-19-38.xlsx,NH2,297,5749,COC1=CC=C(C=C1)C=O,297,5749
123-11-5,1.121,100,DCM,400,80/20,10,2024-11-30_15-45-41.xlsx,NH2,487,14502,COC1=CC=C(C=C1)C=O,487,14502
123-11-5,1.121,100,DCM,400,70/30,10,2024-11-30_15-59-41.xlsx,NH2,489,7349,COC1=CC=C(C=C1)C=O,489,7349
577-16-2,1.026,100,DCM,400,90/10,10,2024-11-30_16-11-18.xlsx,NH2,285,1400,CC1=CC=CC=C1C(=O)C,285,1400
577-16-2,1.026,100,DCM,400,80/20,10,2024-11-30_16-21-56.xlsx,NH2,461,2352,CC1=CC=CC=C1C(=O)C,461,2352
577-16-2,1.026,100,DCM,400,70/30,10,2024-11-30_16-45-07.xlsx,NH2,282,1359,CC1=CC=CC=C1C(=O)C,282,1359
577-16-2,1.026,100,DCM,400,60/40,10,2024-11-30_16-49-29.xlsx,NH2,441,1590,CC1=CC=CC=C1C(=O)C,441,1590
577-16-2,1.026,100,DCM,400,50/50,10,2024-11-30_16-56-27.xlsx,NH2,428,3127,CC1=CC=CC=C1C(=O)C,428,3127
105-13-5,1.113,100,DCM,400,90/10,10,2024-11-30_17-03-30.xlsx,NH2,305,744,COC1=CC=C(C=C1)CO,305,744
105-13-5,1.113,100,DCM,400,80/20,10,2024-11-30_17-07-37.xlsx,NH2,500,1440,COC1=CC=C(C=C1)CO,500,1440
105-13-5,1.113,100,DCM,400,70/30,10,2024-11-30_17-10-59.xlsx,NH2,495,998,COC1=CC=C(C=C1)CO,495,998
105-13-5,1.113,100,DCM,400,60/40,10,2024-11-30_17-14-41.xlsx,NH2,487,1173,COC1=CC=C(C=C1)CO,487,1173
105-13-5,1.113,100,DCM,400,50/50,10,2024-11-30_17-18-18.xlsx,NH2,448,1137,COC1=CC=C(C=C1)CO,448,1137
94-02-0,1.11,100,DCM,400,90/10,10,2024-11-30_17-22-42.xlsx,NH2,478,1456,CCOC(=O)CC(=O)C1=CC=CC=C1,478,1456
94-02-0,1.11,100,DCM,400,80/20,10,2024-11-30_17-28-05.xlsx,NH2,475,2164,CCOC(=O)CC(=O)C1=CC=CC=C1,475,2164
94-02-0,1.11,100,DCM,400,70/30,10,2024-11-30_17-32-42.xlsx,NH2,474,1721,CCOC(=O)CC(=O)C1=CC=CC=C1,474,1721
94-02-0,1.11,100,DCM,400,60/40,10,2024-11-30_17-38-14.xlsx,NH2,448,2270,CCOC(=O)CC(=O)C1=CC=CC=C1,448,2270
94-02-0,1.11,100,DCM,400,50/50,10,2024-11-30_17-49-38.xlsx,NH2,432,5760,CCOC(=O)CC(=O)C1=CC=CC=C1,432,5760
515-40-2,1.047,100,DCM,400,90/10,10,2024-11-30_17-53-55.xlsx,NH2,291,817,CC(C)(CCl)C1=CC=CC=C1,291,817
515-40-2,1.047,100,DCM,400,80/20,10,2024-11-30_17-57-01.xlsx,NH2,507,828,CC(C)(CCl)C1=CC=CC=C1,507,828
515-40-2,1.047,100,DCM,400,70/30,10,2024-11-30_18-00-43.xlsx,NH2,492,1156,CC(C)(CCl)C1=CC=CC=C1,492,1156
515-40-2,1.047,100,DCM,400,60/40,10,2024-11-30_18-05-25.xlsx,NH2,504,1758,CC(C)(CCl)C1=CC=CC=C1,504,1758
515-40-2,1.047,100,DCM,400,50/50,10,2024-11-30_18-13-48.xlsx,NH2,459,3979,CC(C)(CCl)C1=CC=CC=C1,459,3979
51934-41-9,1.641,100,DCM,400,90/10,10,2024-11-30_18-31-59.xlsx,NH2,277,1936,CCOC(=O)C1=CC=C(C=C1)I,277,1936
51934-41-9,1.641,100,DCM,400,80/20,10,2024-11-30_18-36-47.xlsx,NH2,468,1805,CCOC(=O)C1=CC=C(C=C1)I,468,1805
51934-41-9,1.641,100,DCM,400,70/30,10,2024-11-30_18-42-19.xlsx,NH2,455,2265,CCOC(=O)C1=CC=C(C=C1)I,455,2265
51934-41-9,1.641,100,DCM,400,60/40,10,2024-11-30_19-12-53.xlsx,NH2,347,11469,CCOC(=O)C1=CC=C(C=C1)I,347,11469
51934-41-9,1.641,100,DCM,400,50/50,10,2024-11-30_19-29-34.xlsx,NH2,400,7926,CCOC(=O)C1=CC=C(C=C1)I,400,7926
214360-73-3,1.05,100,DCM,400,90/10,10,2024-11-30_19-39-39.xlsx,NH2,48,1189,B1(OC(C(O1)(C)C)(C)C)C2=CC=C(C=C2)N,48,1189
214360-73-3,1.05,100,DCM,400,80/20,10,2024-11-30_19-43-41.xlsx,NH2,480,1356,B1(OC(C(O1)(C)C)(C)C)C2=CC=C(C=C2)N,480,1356
214360-73-3,1.05,100,DCM,400,70/30,10,2024-11-30_19-48-28.xlsx,NH2,471,1805,B1(OC(C(O1)(C)C)(C)C)C2=CC=C(C=C2)N,471,1805
214360-73-3,1.05,100,DCM,400,60/40,10,2024-11-30_19-52-30.xlsx,NH2,456,1356,B1(OC(C(O1)(C)C)(C)C)C2=CC=C(C=C2)N,456,1356
214360-73-3,1.05,100,DCM,400,50/50,10,2024-11-30_20-00-28.xlsx,NH2,406,3736,B1(OC(C(O1)(C)C)(C)C)C2=CC=C(C=C2)N,406,3736
134-20-3,1.168,100,DCM,400,90/10,10,2024-11-30_20-18-22.xlsx,NH2,279,1110,COC(=O)C1=CC=CC=C1N,279,1110
134-20-3,1.168,100,DCM,400,80/20,10,2024-11-30_20-22-13.xlsx,NH2,477,1255,COC(=O)C1=CC=CC=C1N,477,1255
134-20-3,1.168,100,DCM,400,70/30,10,2024-11-30_20-26-55.xlsx,NH2,470,1770,COC(=O)C1=CC=CC=C1N,470,1770
134-20-3,1.168,100,DCM,400,60/40,10,2024-11-30_20-30-42.xlsx,NH2,447,1230,COC(=O)C1=CC=CC=C1N,447,1230
134-20-3,1.168,100,DCM,400,50/50,10,2024-11-30_20-35-19.xlsx,NH2,437,1721,COC(=O)C1=CC=CC=C1N,437,1721
535-11-5,1.394,100,DCM,400,90/10,10,2024-11-30_20-48-14.xlsx,NH2,312,650,CCOC(=O)C(C)Br,312,650
535-11-5,1.394,100,DCM,400,80/20,10,2024-11-30_20-51-20.xlsx,NH2,504,836,CCOC(=O)C(C)Br,504,836
535-11-5,1.394,100,DCM,400,70/30,10,2024-11-30_20-54-32.xlsx,NH2,492,879,CCOC(=O)C(C)Br,492,879
535-11-5,1.394,100,DCM,400,60/40,10,2024-11-30_21-06-14.xlsx,NH2,246,941,CCOC(=O)C(C)Br,246,941
535-11-5,1.394,100,DCM,400,50/50,10,2024-11-30_21-09-41.xlsx,NH2,419,1016,CCOC(=O)C(C)Br,419,1016
122-00-9,1.004,100,DCM,400,90/10,10,2024-11-30_21-14-02.xlsx,NH2,272,1025,CC1=CC=C(C=C1)C(=O)C,272,1025
122-00-9,1.004,100,DCM,400,80/20,10,2024-11-30_21-18-04.xlsx,NH2,429,1384,CC1=CC=C(C=C1)C(=O)C,429,1384
122-00-9,1.004,100,DCM,400,70/30,10,2024-11-30_21-23-47.xlsx,NH2,464,2369,CC1=CC=C(C=C1)C(=O)C,464,2369
122-00-9,1.004,100,DCM,400,60/40,10,2024-11-30_21-28-41.xlsx,NH2,449,1883,CC1=CC=C(C=C1)C(=O)C,449,1883
122-00-9,1.004,100,DCM,400,50/50,10,2024-11-30_21-42-11.xlsx,NH2,203,2215,CC1=CC=C(C=C1)C(=O)C,203,2215
119-36-8,1.174,100,DCM,400,90/10,10,2024-12-01_10-41-36.xlsx,NH2,318,759,COC(=O)C1=CC=CC=C1O,318,759
119-36-8,1.174,100,DCM,400,80/20,10,2024-12-01_10-46-20.xlsx,NH2,488,1757,COC(=O)C1=CC=CC=C1O,488,1757
119-36-8,1.174,100,DCM,400,70/30,10,2024-12-01_10-51-03.xlsx,NH2,477,1758,COC(=O)C1=CC=CC=C1O,477,1758
119-36-8,1.174,100,DCM,400,60/40,10,2024-12-01_10-55-57.xlsx,NH2,452,1870,COC(=O)C1=CC=CC=C1O,452,1870
119-36-8,1.174,100,DCM,400,50/50,10,2024-12-01_11-03-37.xlsx,NH2,433,3549,COC(=O)C1=CC=CC=C1O,433,3549
2550-26-7,0.989,100,DCM,400,90/10,10,2024-12-01_11-07-31.xlsx,NH2,304,890,CC(=O)CCC1=CC=CC=C1,304,890
2550-26-7,0.989,100,DCM,400,80/20,10,2024-12-01_11-10-48.xlsx,NH2,500,945,CC(=O)CCC1=CC=CC=C1,500,945
2550-26-7,0.989,100,DCM,400,70/30,10,2024-12-01_11-14-05.xlsx,NH2,486,945,CC(=O)CCC1=CC=CC=C1,486,945
2550-26-7,0.989,100,DCM,400,60/40,10,2024-12-01_11-17-31.xlsx,NH2,456,1004,CC(=O)CCC1=CC=CC=C1,456,1004
2550-26-7,0.989,100,DCM,400,50/50,10,2024-12-01_11-21-33.xlsx,NH2,428,1369,CC(=O)CCC1=CC=CC=C1,428,1369
4192-77-2,1.0491,100,DCM,400,90/10,10,2024-12-01_11-38-02.xlsx,NH2,239,1363,CCOC(=O)/C=C/C1=CC=CC=C1,239,1363
4192-77-2,1.0491,100,DCM,400,80/20,10,2024-12-01_11-41-54.xlsx,NH2,475,1287,CCOC(=O)/C=C/C1=CC=CC=C1,475,1287
4192-77-2,1.0491,100,DCM,400,70/30,10,2024-12-01_11-46-36.xlsx,NH2,470,1754,CCOC(=O)/C=C/C1=CC=CC=C1,470,1754
4192-77-2,1.0491,100,DCM,400,60/40,10,2024-12-01_11-53-30.xlsx,NH2,451,3082,CCOC(=O)/C=C/C1=CC=CC=C1,451,3082
4192-77-2,1.0491,100,DCM,400,50/50,10,2024-12-01_12-09-42.xlsx,NH2,426,5834,CCOC(=O)/C=C/C1=CC=CC=C1,426,5834
6099-03-2,1.1479,100,MeOH,600,90/10,10,2024-12-01_12-15-55.xlsx,NH2,260,1532,COC1=CC=CC=C1/C=C/C(=O)O,260,1532
6099-03-2,1.1479,100,MeOH,600,80/20,10,2024-12-01_12-46-31.xlsx,NH2,-1,-1,COC1=CC=CC=C1/C=C/C(=O)O,-1,-1
70-34-8,1.482,100,DCM,400,90/10,10,2024-12-09_10-31-57,NH2,275,2086,C1=CC(=C(C=C1[N+](=O)[O-])[N+](=O)[O-])F,275,2086
70-34-8,1.482,100,DCM,400,80/20,10,2024-12-09_10-43-56,NH2,526,2468,C1=CC(=C(C=C1[N+](=O)[O-])[N+](=O)[O-])F,526,2468
70-34-8,1.482,100,DCM,400,70/30,10,2024-12-09_10-48-13,NH2,511,1544,C1=CC(=C(C=C1[N+](=O)[O-])[N+](=O)[O-])F,511,1544
372-29-2,1.245,100,DCM,400,90/10,10,2024-12-09_11-05-21,NH2,510,1072,CCOC(=O)/C=C(/C(F)(F)F)\N,510,1072
372-29-2,1.245,100,DCM,400,80/20,10,2024-12-09_11-12-40.xlsx,NH2,311,1109,CCOC(=O)/C=C(/C(F)(F)F)\N,311,1109
372-29-2,1.245,100,DCM,400,70/30,10,2024-12-09_11-16-46.xlsx,NH2,538,1436,CCOC(=O)/C=C(/C(F)(F)F)\N,538,1436
372-29-2,1.245,100,DCM,400,60/40,10,2024-12-09_11-20-51.xlsx,NH2,508,1432,CCOC(=O)/C=C(/C(F)(F)F)\N,508,1432
372-29-2,1.245,100,DCM,400,50/50,10,2024-12-09_11-25-47.xlsx,NH2,465,1921,CCOC(=O)/C=C(/C(F)(F)F)\N,465,1921
104-47-2,1.085,100,DCM,400,90/10,10,2024-12-09_12-27-02.xlsx,NH2,178,898,COC1=CC=C(C=C1)CC#N,178,898
104-47-2,1.085,100,DCM,400,80/20,10,2024-12-09_12-30-38.xlsx,NH2,512,1106,COC1=CC=C(C=C1)CC#N,512,1106
104-47-2,1.085,100,DCM,400,70/30,10,2024-12-09_12-34-23.xlsx,NH2,541,1234,COC1=CC=C(C=C1)CC#N,541,1234
104-47-2,1.085,100,DCM,400,60/40,10,2024-12-09_12-38-18.xlsx,NH2,555,1346,COC1=CC=C(C=C1)CC#N,555,1346
104-47-2,1.085,100,DCM,400,50/50,10,2024-12-09_12-43-14.xlsx,NH2,561,1938,COC1=CC=C(C=C1)CC#N,561,1938
645-59-0,1.001,100,DCM,400,90/10,10,2024-12-09_13-16-34.xlsx,NH2,288,839,C1=CC=C(C=C1)CCC#N,288,839
645-59-0,1.001,100,DCM,400,80/20,10,2024-12-09_13-19-49.xlsx,NH2,515,900,C1=CC=C(C=C1)CCC#N,515,900
645-59-0,1.001,100,DCM,400,70/30,10,2024-12-09_13-23-14.xlsx,NH2,548,1033,C1=CC=C(C=C1)CCC#N,548,1033
645-59-0,1.001,100,DCM,400,60/40,10,2024-12-09_13-26-49.xlsx,NH2,574,1139,C1=CC=C(C=C1)CCC#N,574,1139
645-59-0,1.001,100,DCM,400,50/50,10,2024-12-09_13-31-05.xlsx,NH2,590,1510,C1=CC=C(C=C1)CCC#N,590,1510
5798-75-4,1.403,100,DCM,400,90/10,10,2024-12-09_13-45-29.xlsx,NH2,296,1962,CCOC(=O)C1=CC=C(C=C1)Br,296,1962
5798-75-4,1.403,100,DCM,400,80/20,10,2024-12-09_13-50-20.xlsx,NH2,511,1881,CCOC(=O)C1=CC=C(C=C1)Br,511,1881
5798-75-4,1.403,100,DCM,400,70/30,10,2024-12-09_13-56-51.xlsx,NH2,526,2890,CCOC(=O)C1=CC=C(C=C1)Br,526,2890
5798-75-4,1.403,100,DCM,400,60/40,10,2024-12-09_14-18-26.xlsx,NH2,529,11883,CCOC(=O)C1=CC=C(C=C1)Br,529,11883
5798-75-4,1.403,100,DCM,400,50/50,10,2024-12-09_14-48-59.xlsx,NH2,571,10723,CCOC(=O)C1=CC=C(C=C1)Br,571,10723
617-94-7,0.973,100,DCM,400,90/10,10,2024-12-09_14-58-31.xlsx,NH2,340,859,CC(C)(C1=CC=CC=C1)O,340,859
617-94-7,0.973,100,DCM,400,80/20,10,2024-12-09_15-02-12.xlsx,NH2,531,1158,CC(C)(C1=CC=CC=C1)O,531,1158
617-94-7,0.973,100,DCM,400,70/30,10,2024-12-09_15-05-37.xlsx,NH2,533,1013,CC(C)(C1=CC=CC=C1)O,533,1013
617-94-7,0.973,100,DCM,400,60/40,10,2024-12-09_15-09-12.xlsx,NH2,537,1144,CC(C)(C1=CC=CC=C1)O,537,1144
617-94-7,0.973,100,DCM,400,50/50,10,2024-12-09_15-13-17.xlsx,NH2,576,1425,CC(C)(C1=CC=CC=C1)O,576,1425
702-23-8,1.058,100,DCM,400,90/10,10,2024-12-09_15-45-45.xlsx,NH2,300,881,COC1=CC=C(C=C1)CCO,300,881
702-23-8,1.058,100,DCM,400,80/20,10,2024-12-09_15-49-05.xlsx,NH2,529,966,COC1=CC=C(C=C1)CCO,529,966
702-23-8,1.058,100,DCM,400,70/30,10,2024-12-09_15-52-40.xlsx,NH2,530,1141,COC1=CC=C(C=C1)CCO,530,1141
702-23-8,1.058,100,DCM,400,60/40,10,2024-12-09_15-56-10.xlsx,NH2,533,1073,COC1=CC=C(C=C1)CCO,533,1073
702-23-8,1.058,100,DCM,400,50/50,10,2024-12-09_16-18-57.xlsx,NH2,410,1048,COC1=CC=C(C=C1)CCO,410,1048
826-73-3,1.071,100,DCM,400,90/10,10,2024-12-09_16-40-56.xlsx,NH2,514,1512,C1CCC(=O)C2=CC=CC=C2C1,514,1512
826-73-3,1.071,100,DCM,400,80/20,10,2024-12-09_16-45-22.xlsx,NH2,512,1628,C1CCC(=O)C2=CC=CC=C2C1,512,1628
826-73-3,1.071,100,DCM,400,70/30,10,2024-12-09_16-50-47.xlsx,NH2,527,2242,C1CCC(=O)C2=CC=CC=C2C1,527,2242
826-73-3,1.071,100,DCM,400,60/40,10,2024-12-09_16-55-43.xlsx,NH2,528,1923,C1CCC(=O)C2=CC=CC=C2C1,528,1923
826-73-3,1.071,100,DCM,400,50/50,10,2024-12-09_17-05-40.xlsx,NH2,481,4938,C1CCC(=O)C2=CC=CC=C2C1,481,4938
4180-23-8,0.988,100,DCM,400,90/10,10,2024-12-09_17-12-21.xlsx,NH2,275,2764,C/C=C/C1=CC=C(C=C1)OC,275,2764
4180-23-8,0.988,100,DCM,400,80/20,10,2024-12-09_17-17-57.xlsx,NH2,518,2318,C/C=C/C1=CC=C(C=C1)OC,518,2318
4180-23-8,0.988,100,DCM,400,70/30,10,2024-12-09_17-26-44.xlsx,NH2,525,4220,C/C=C/C1=CC=C(C=C1)OC,525,4220
4180-23-8,0.988,100,DCM,400,60/40,10,2024-12-09_17-45-28.xlsx,NH2,491,10185,C/C=C/C1=CC=C(C=C1)OC,491,10185
4180-23-8,0.988,100,DCM,400,50/50,10,2024-12-09_18-16-01.xlsx,NH2,497,13560,C/C=C/C1=CC=C(C=C1)OC,497,13560
100-86-7,0.974,100,DCM,400,90/10,10,2024-12-09_18-29-50.xlsx,NH2,340,994,CC(C)(CC1=CC=CC=C1)O,340,994
100-86-7,0.974,100,DCM,400,80/20,10,2024-12-09_18-33-10.xlsx,NH2,523,986,CC(C)(CC1=CC=CC=C1)O,523,986
100-86-7,0.974,100,DCM,400,70/30,10,2024-12-09_18-36-35.xlsx,NH2,531,1049,CC(C)(CC1=CC=CC=C1)O,531,1049
100-86-7,0.974,100,DCM,400,60/40,10,2024-12-09_18-39-50.xlsx,NH2,553,912,CC(C)(CC1=CC=CC=C1)O,553,912
100-86-7,0.974,100,DCM,400,50/50,10,2024-12-09_18-43-25.xlsx,NH2,591,1109,CC(C)(CC1=CC=CC=C1)O,591,1109
1009-14-9,0.975,100,DCM,400,90/10,10,2024-12-09_18-56-30.xlsx,NH2,291,1291,CCCCC(=O)C1=CC=CC=C1,291,1291
1009-14-9,0.975,100,DCM,400,80/20,10,2024-12-09_18-59-55.xlsx,NH2,510,1007,CCCCC(=O)C1=CC=CC=C1,510,1007
1009-14-9,0.975,100,DCM,400,70/30,10,2024-12-09_19-04-26.xlsx,NH2,459,1694,CCCCC(=O)C1=CC=CC=C1,459,1694
1009-14-9,0.975,100,DCM,400,60/40,10,2024-12-09_19-11-42.xlsx,NH2,513,3318,CCCCC(=O)C1=CC=CC=C1,513,3318
1009-14-9,0.975,100,DCM,400,50/50,10,2024-12-09_19-20-19.xlsx,NH2,457,4140,CCCCC(=O)C1=CC=CC=C1,457,4140
104-20-1,1.046,100,DCM,400,90/10,10,2024-12-09_19-28-47.xlsx,NH2,12,963,CC(=O)CCC1=CC=C(C=C1)OC,12,963
104-20-1,1.046,100,DCM,400,80/20,10,2024-12-09_19-32-17.xlsx,NH2,518,1085,CC(=O)CCC1=CC=C(C=C1)OC,518,1085
104-20-1,1.046,100,DCM,400,70/30,10,2024-12-09_19-36-12.xlsx,NH2,548,1338,CC(=O)CCC1=CC=C(C=C1)OC,548,1338
104-20-1,1.046,100,DCM,400,60/40,10,2024-12-09_19-40-23.xlsx,NH2,575,1487,CC(=O)CCC1=CC=C(C=C1)OC,575,1487
104-20-1,1.046,100,DCM,400,50/50,10,2024-12-09_19-45-23.xlsx,NH2,526,1959,CC(=O)CCC1=CC=C(C=C1)OC,526,1959
131-11-3,1.19,100,DCM,400,90/10,10,2024-12-09_19-52-03.xlsx,NH2,293,1153,COC(=O)C1=CC=CC=C1C(=O)OC,293,1153
131-11-3,1.19,100,DCM,400,80/20,10,2024-12-09_19-56-28.xlsx,NH2,527,1640,COC(=O)C1=CC=CC=C1C(=O)OC,527,1640
131-11-3,1.19,100,DCM,400,70/30,10,2024-12-09_20-00-34.xlsx,NH2,531,1414,COC(=O)C1=CC=CC=C1C(=O)OC,531,1414
131-11-3,1.19,100,DCM,400,60/40,10,2024-12-09_20-04-49.xlsx,NH2,543,1535,COC(=O)C1=CC=CC=C1C(=O)OC,543,1535
131-11-3,1.19,100,DCM,400,50/50,10,2024-12-09_20-10-35.xlsx,NH2,527,2421,COC(=O)C1=CC=CC=C1C(=O)OC,527,2421
768-56-9,0.88,100,DCM,400,90/10,10,2024-12-09_20-14-26.xlsx,NH2,481,1152,C=CCCC1=CC=CC=C1,481,1152
768-56-9,0.88,100,DCM,400,80/20,10,2024-12-09_20-18-01.xlsx,NH2,535,1100,C=CCCC1=CC=CC=C1,535,1100
768-56-9,0.88,100,DCM,400,70/30,10,2024-12-09_20-21-42.xlsx,NH2,526,1177,C=CCCC1=CC=CC=C1,526,1177
768-56-9,0.88,100,DCM,400,60/40,10,2024-12-09_20-27-07.xlsx,NH2,555,2218,C=CCCC1=CC=CC=C1,555,2218
768-56-9,0.88,100,DCM,400,50/50,10,2024-12-09_20-36-39.xlsx,NH2,494,4691,C=CCCC1=CC=CC=C1,494,4691
3972-65-4,1.229,100,DCM,400,90/10,10,2024-12-09_20-40-43.xlsx,NH2,487,1231,CC(C)(C)C1=CC=C(C=C1)Br,487,1231
3972-65-4,1.229,100,DCM,400,80/20,10,2024-12-09_20-44-23.xlsx,NH2,540,1179,CC(C)(C)C1=CC=C(C=C1)Br,540,1179
3972-65-4,1.229,100,DCM,400,70/30,10,2024-12-09_20-49-19.xlsx,NH2,566,1915,CC(C)(C)C1=CC=C(C=C1)Br,566,1915
3972-65-4,1.229,100,DCM,400,60/40,10,2024-12-09_20-58-51.xlsx,NH2,584,4678,CC(C)(C)C1=CC=C(C=C1)Br,584,4678
3972-65-4,1.229,100,DCM,400,50/50,10,2024-12-09_21-01-41.xlsx,NH2,438,692,CC(C)(C)C1=CC=C(C=C1)Br,438,692
2113-57-7,1.398,100,DCM,400,90/10,10,2024-12-10_13-01-35.xlsx,NH2,331,2242,C1=CC=C(C=C1)C2=CC(=CC=C2)Br,331,2242
2113-57-7,1.398,100,DCM,400,80/20,10,2024-12-10_13-07-56.xlsx,NH2,525,2798,C1=CC=C(C=C1)C2=CC(=CC=C2)Br,525,2798
2113-57-7,1.398,100,DCM,400,70/30,10,2024-12-10_13-19-29.xlsx,NH2,273,5874,C1=CC=C(C=C1)C2=CC(=CC=C2)Br,273,5874
2113-57-7,1.398,100,DCM,400,60/40,10,2024-12-10_13-40-04.xlsx,NH2,576,11289,C1=CC=C(C=C1)C2=CC(=CC=C2)Br,576,11289
101-55-3,1.423,100,DCM,400,90/10,10,2024-12-10_13-59-41.xlsx,NH2,322,1437,C1=CC=C(C=C1)OC2=CC=C(C=C2)Br,322,1437
101-55-3,1.423,100,DCM,400,80/20,10,2024-12-10_14-04-37.xlsx,NH2,525,1945,C1=CC=C(C=C1)OC2=CC=C(C=C2)Br,525,1945
101-55-3,1.423,100,DCM,400,70/30,10,2024-12-10_14-10-28.xlsx,NH2,574,2451,C1=CC=C(C=C1)OC2=CC=C(C=C2)Br,574,2451
101-55-3,1.423,100,DCM,400,60/40,10,2024-12-10_14-21-45.xlsx,NH2,580,5714,C1=CC=C(C=C1)OC2=CC=C(C=C2)Br,580,5714
101-55-3,1.423,100,DCM,400,50/50,10,2024-12-10_14-28-26.xlsx,NH2,2177,3180,C1=CC=C(C=C1)OC2=CC=C(C=C2)Br,2177,3180
24544-04-5,0.94,100,DCM,400,90/10,10,2024-12-10_14-36-27.xlsx,NH2,340,657,CC(C)C1=C(C(=CC=C1)C(C)C)N,340,657
24544-04-5,0.94,100,DCM,400,80/20,10,2024-12-10_14-39-37.xlsx,NH2,511,897,CC(C)C1=C(C(=CC=C1)C(C)C)N,511,897
24544-04-5,0.94,100,DCM,400,70/30,10,2024-12-10_14-43-03.xlsx,NH2,542,1003,CC(C)C1=C(C(=CC=C1)C(C)C)N,542,1003
24544-04-5,0.94,100,DCM,400,60/40,10,2024-12-10_14-48-13.xlsx,NH2,529,2057,CC(C)C1=C(C(=CC=C1)C(C)C)N,529,2057
24544-04-5,0.94,100,DCM,400,50/50,10,2024-12-10_14-53-24.xlsx,NH2,590,2097,CC(C)C1=C(C(=CC=C1)C(C)C)N,590,2097
83-13-6,1.095,100,DCM,400,90/10,10,2024-12-10_15-03-18.xlsx,NH2,344,780,CCOC(=O)C(C1=CC=CC=C1)C(=O)OCC,344,780
83-13-6,1.095,100,DCM,400,80/20,10,2024-12-10_15-06-29.xlsx,NH2,522,857,CCOC(=O)C(C1=CC=CC=C1)C(=O)OCC,522,857
83-13-6,1.095,100,DCM,400,70/30,10,2024-12-10_15-09-54.xlsx,NH2,538,1010,CCOC(=O)C(C1=CC=CC=C1)C(=O)OCC,538,1010
83-13-6,1.095,100,DCM,400,60/40,10,2024-12-10_15-13-24.xlsx,NH2,536,1090,CCOC(=O)C(C1=CC=CC=C1)C(=O)OCC,536,1090
83-13-6,1.095,100,DCM,400,50/50,10,2024-12-10_15-17-59.xlsx,NH2,934,1717,CCOC(=O)C(C1=CC=CC=C1)C(=O)OCC,934,1717
67963-68-2,1.174,100,DCM,400,90/10,10,2024-12-10_15-26-39.xlsx,NH2,475,1717,CC(C)(C)[Si](C)(C)OC1=CC=C(C=C1)Br,475,1717
67963-68-2,1.174,100,DCM,400,80/20,10,2024-12-10_15-30-10.xlsx,NH2,445,1092,CC(C)(C)[Si](C)(C)OC1=CC=C(C=C1)Br,445,1092
67963-68-2,1.174,100,DCM,400,70/30,10,2024-12-10_15-33-15.xlsx,NH2,597,814,CC(C)(C)[Si](C)(C)OC1=CC=C(C=C1)Br,597,814
29898-25-7,0.9719,100,DCM,400,90/10,10,2024-12-10_16-06-25.xlsx,NH2,340,714,CCCC(=O)CCC1=CC=CC=C1,340,714
29898-25-7,0.9719,100,DCM,400,80/20,10,2024-12-10_16-23-27.xlsx,NH2,344,835,CCCC(=O)CCC1=CC=CC=C1,344,835
29898-25-7,0.9719,100,DCM,400,70/30,10,2024-12-10_16-26-53.xlsx,NH2,566,1033,CCCC(=O)CCC1=CC=CC=C1,566,1033
29898-25-7,0.9719,100,DCM,400,60/40,10,2024-12-10_16-29-28.xlsx,NH2,547,1542,CCCC(=O)CCC1=CC=CC=C1,547,1542
29898-25-7,0.9719,100,DCM,400,50/50,10,2024-12-10_16-34-28.xlsx,NH2,967,1981,CCCC(=O)CCC1=CC=CC=C1,967,1981
2459-24-7,1.17,100,DCM,400,90/10,10,2024-12-10_16-39-30.xlsx,NH2,315,1392,COC(=O)C1=CC=CC2=CC=CC=C21,315,1392
2459-24-7,1.17,100,DCM,400,80/20,10,2024-12-10_16-43-40.xlsx,NH2,508,1461,COC(=O)C1=CC=CC2=CC=CC=C21,508,1461
2459-24-7,1.17,100,DCM,400,70/30,10,2024-12-10_16-47-36.xlsx,NH2,601,1304,COC(=O)C1=CC=CC2=CC=CC=C21,601,1304
2459-24-7,1.17,100,DCM,400,60/40,10,2024-12-10_16-55-37.xlsx,NH2,552,3797,COC(=O)C1=CC=CC2=CC=CC=C21,552,3797
2459-24-7,1.17,100,DCM,400,50/50,10,2024-12-10_17-08-15.xlsx,NH2,531,6501,COC(=O)C1=CC=CC2=CC=CC=C21,531,6501
1589-60-2,1.035,100,DCM,400,90/10,10,2024-12-10_17-18-57.xlsx,NH2,18,857,C1CCC(CC1)(C2=CC=CC=C2)O,18,857
1589-60-2,1.035,100,DCM,400,80/20,10,2024-12-10_17-22-02.xlsx,NH2,515,807,C1CCC(CC1)(C2=CC=CC=C2)O,515,807
1589-60-2,1.035,100,DCM,400,70/30,10,2024-12-10_17-25-17.xlsx,NH2,544,906,C1CCC(CC1)(C2=CC=CC=C2)O,544,906
1589-60-2,1.035,100,DCM,400,60/40,10,2024-12-10_17-28-37.xlsx,NH2,567,980,C1CCC(CC1)(C2=CC=CC=C2)O,567,980
1589-60-2,1.035,100,DCM,400,50/50,10,2024-12-10_17-31-17.xlsx,NH2,374,1328,C1CCC(CC1)(C2=CC=CC=C2)O,374,1328
4894-75-1,0.97,100,DCM,400,90/10,10,2024-12-10_17-38-52.xlsx,NH2,278,1035,C1CC(=O)CCC1C2=CC=CC=C2,278,1035
4894-75-1,0.97,100,DCM,400,80/20,10,2024-12-10_17-42-13.xlsx,NH2,521,998,C1CC(=O)CCC1C2=CC=CC=C2,521,998
4894-75-1,0.97,100,DCM,400,70/30,10,2024-12-10_17-45-43.xlsx,NH2,560,1078,C1CC(=O)CCC1C2=CC=CC=C2,560,1078
4894-75-1,0.97,100,DCM,400,60/40,10,2024-12-10_17-49-28.xlsx,NH2,310,1215,C1CC(=O)CCC1C2=CC=CC=C2,310,1215
4894-75-1,0.97,100,DCM,400,50/50,10,2024-12-10_17-52-03.xlsx,NH2,701,1636,C1CC(=O)CCC1C2=CC=CC=C2,701,1636
1020-31-1,1.02,100,DCM,400,90/10,10,2024-12-10_17-59-16.xlsx,NH2,343,653,CC(C)(C)C1=CC(=C(C(=C1)O)O)C(C)(C)C,343,653
1020-31-1,1.02,100,DCM,400,80/20,10,2024-12-10_18-02-26.xlsx,NH2,514,856,CC(C)(C)C1=CC(=C(C(=C1)O)O)C(C)(C)C,514,856
1020-31-1,1.02,100,DCM,400,70/30,10,2024-12-10_18-06-21.xlsx,NH2,531,1315,CC(C)(C)C1=CC(=C(C(=C1)O)O)C(C)(C)C,531,1315
1020-31-1,1.02,100,DCM,400,60/40,10,2024-12-10_18-10-02.xlsx,NH2,569,1183,CC(C)(C)C1=CC(=C(C(=C1)O)O)C(C)(C)C,569,1183
1020-31-1,1.02,100,DCM,400,50/50,10,2024-12-10_18-12-36.xlsx,NH2,747,1691,CC(C)(C)C1=CC(=C(C(=C1)O)O)C(C)(C)C,747,1691
1126-46-1,1.382,100,DCM,400,90/10,10,2024-12-10_18-21-38.xlsx,NH2,519,1623,COC(=O)C1=CC=C(C=C1)Cl,519,1623
1126-46-1,1.382,100,DCM,400,80/20,10,2024-12-10_18-25-38.xlsx,NH2,509,1390,COC(=O)C1=CC=C(C=C1)Cl,509,1390
1126-46-1,1.382,100,DCM,400,70/30,10,2024-12-10_18-34-00.xlsx,NH2,568,1601,COC(=O)C1=CC=C(C=C1)Cl,568,1601
1126-46-1,1.382,100,DCM,400,60/40,10,2024-12-10_18-38-35.xlsx,NH2,562,1707,COC(=O)C1=CC=C(C=C1)Cl,562,1707
1126-46-1,1.382,100,DCM,400,50/50,10,2024-12-10_18-47-02.xlsx,NH2,556,4014,COC(=O)C1=CC=C(C=C1)Cl,556,4014
99-76-3,1.46,100,DCM,400,90/10,10,2024-12-10_18-52-27.xlsx,NH2,273,1668,COC(=O)C1=CC=C(C=C1)O,273,1668
99-76-3,1.46,100,DCM,400,80/20,10,2024-12-10_18-57-38.xlsx,NH2,571,2076,COC(=O)C1=CC=C(C=C1)O,571,2076
99-76-3,1.46,100,DCM,400,70/30,10,2024-12-10_19-04-19.xlsx,NH2,578,2956,COC(=O)C1=CC=C(C=C1)O,578,2956
99-76-3,1.46,100,DCM,400,60/40,10,2024-12-10_19-10-10.xlsx,NH2,569,2474,COC(=O)C1=CC=C(C=C1)O,569,2474
99-76-3,1.46,100,DCM,400,50/50,10,2024-12-10_19-18-01.xlsx,NH2,637,3689,COC(=O)C1=CC=C(C=C1)O,637,3689
7335-27-5,1.187,100,DCM,400,90/10,10,2024-12-10_19-50-50.xlsx,NH2,314,1209,CCOC(=O)C1=CC=C(C=C1)Cl,314,1209
7335-27-5,1.187,100,DCM,400,80/20,10,2024-12-10_19-55-10.xlsx,NH2,505,1599,CCOC(=O)C1=CC=C(C=C1)Cl,505,1599
7335-27-5,1.187,100,DCM,400,70/30,10,2024-12-10_20-00-26.xlsx,NH2,525,2140,CCOC(=O)C1=CC=C(C=C1)Cl,525,2140
7335-27-5,1.187,100,DCM,400,60/40,10,2024-12-10_20-07-02.xlsx,NH2,492,2930,CCOC(=O)C1=CC=C(C=C1)Cl,492,2930
7335-27-5,1.187,100,DCM,400,50/50,10,2024-12-10_20-18-49.xlsx,NH2,375,6026,CCOC(=O)C1=CC=C(C=C1)Cl,375,6026
492-37-5,1.1,100,DCM,400,90/10,10,2024-12-10_20-23-08.xlsx,NH2,283,1115,CC(C1=CC=CC=C1)C(=O)O,283,1115
492-37-5,1.1,100,DCM,400,80/20,10,2024-12-10_20-29-29.xlsx,NH2,540,2772,CC(C1=CC=CC=C1)C(=O)O,540,2772
492-37-5,1.1,100,DCM,400,70/30,10,2024-12-10_20-35-00.xlsx,NH2,581,2286,CC(C1=CC=CC=C1)C(=O)O,581,2286
622-08-2,1.071,100,DCM,400,90/10,10,2024-12-11_12-16-26.xlsx,NH2,341,809,C1=CC=C(C=C1)COCCO,341,809
622-08-2,1.071,100,DCM,400,80/20,10,2024-12-11_12-19-51.xlsx,NH2,535,1028,C1=CC=C(C=C1)COCCO,535,1028
622-08-2,1.071,100,DCM,400,70/30,10,2024-12-11_12-23-16.xlsx,NH2,445,1029,C1=CC=C(C=C1)COCCO,445,1029
622-08-2,1.071,100,DCM,400,60/40,10,2024-12-11_12-26-36.xlsx,NH2,557,952,C1=CC=C(C=C1)COCCO,557,952
622-08-2,1.071,100,DCM,400,50/50,10,2024-12-11_12-29-16.xlsx,NH2,569,1437,C1=CC=C(C=C1)COCCO,569,1437
91-22-5,1.093,100,DCM,400,90/10,10,2024-12-11_12-59-31.xlsx,NH2,286,1186,C1=CC=C2C(=C1)C=CC=N2,286,1186
91-22-5,1.093,100,DCM,400,80/20,10,2024-12-11_13-03-12.xlsx,NH2,494,1160,C1=CC=C2C(=C1)C=CC=N2,494,1160
91-22-5,1.093,100,DCM,400,70/30,10,2024-12-11_13-07-02.xlsx,NH2,537,1253,C1=CC=C2C(=C1)C=CC=N2,537,1253
91-22-5,1.093,100,DCM,400,60/40,10,2024-12-11_13-11-47.xlsx,NH2,541,1820,C1=CC=C2C(=C1)C=CC=N2,541,1820
91-22-5,1.093,100,DCM,400,50/50,10,2024-12-11_13-17-18.xlsx,NH2,587,2285,C1=CC=C2C(=C1)C=CC=N2,587,2285
622-24-2,1.069,100,DCM,400,90/10,10,2024-12-11_15-02-06.xlsx,NH2,581,826,C1=CC=C(C=C1)CCCl,581,826
622-24-2,1.069,100,DCM,400,80/20,10,2024-12-11_15-05-16.xlsx,NH2,514,896,C1=CC=C(C=C1)CCCl,514,896
622-24-2,1.069,100,DCM,400,70/30,10,2024-12-11_15-08-36.xlsx,NH2,582,962,C1=CC=C(C=C1)CCCl,582,962
622-24-2,1.069,100,DCM,400,60/40,10,2024-12-11_15-12-41.xlsx,NH2,656,1427,C1=CC=C(C=C1)CCCl,656,1427
622-24-2,1.069,100,DCM,400,50/50,10,2024-12-11_15-19-12.xlsx,NH2,587,2880,C1=CC=C(C=C1)CCCl,587,2880
5433-01-2,1.285,100,DCM,400,90/10,10,2024-12-11_15-57-19.xlsx,NH2,324,687,CC(C)C1=CC(=CC=C1)Br,324,687
5433-01-2,1.285,100,DCM,400,80/20,10,2024-12-11_16-00-35.xlsx,NH2,516,902,CC(C)C1=CC(=CC=C1)Br,516,902
5433-01-2,1.285,100,DCM,400,70/30,10,2024-12-11_16-05-05.xlsx,NH2,545,1680,CC(C)C1=CC(=CC=C1)Br,545,1680
5433-01-2,1.285,100,DCM,400,60/40,10,2024-12-11_16-11-46.xlsx,NH2,524,2990,CC(C)C1=CC(=CC=C1)Br,524,2990
5433-01-2,1.285,100,DCM,400,50/50,10,2024-12-11_16-24-09.xlsx,NH2,1137,6379,CC(C)C1=CC(=CC=C1)Br,1137,6379
1123-56-4,1.003,100,DCM,400,90/10,10,2024-12-11_16-39-31.xlsx,NH2,323,3726,CC1=C(C(=CC=C1)C)C=O,323,3726
1123-56-4,1.003,100,DCM,400,80/20,10,2024-12-11_16-51-38.xlsx,NH2,502,6205,CC1=C(C(=CC=C1)C)C=O,502,6205
1123-56-4,1.003,100,DCM,400,70/30,10,2024-12-11_17-05-06.xlsx,NH2,532,7042,CC1=C(C(=CC=C1)C)C=O,532,7042
1123-56-4,1.003,100,DCM,400,60/40,10,2024-12-11_17-12-53.xlsx,NH2,547,3624,CC1=C(C(=CC=C1)C)C=O,547,3624
1123-56-4,1.003,100,DCM,400,50/50,10,2024-12-11_17-19-54.xlsx,NH2,584,3198,CC1=C(C(=CC=C1)C)C=O,584,3198
1721-26-2,1.072 ,100,DCM,400,90/10,10,2024-12-11_17-54-31.xlsx,NH2,-1,-1,CCOC(=O)C1=C(N=CC=C1)C,-1,-1
1721-26-2,1.073 ,100,DCM,400,80/20,10,2024-12-11_17-59-27.xlsx,NH2,327,1908,CCOC(=O)C1=C(N=CC=C1)C,327,1908
1721-26-2,1.074 ,100,DCM,400,70/30,10,2024-12-11_18-03-42.xlsx,NH2,515,1529,CCOC(=O)C1=C(N=CC=C1)C,515,1529
1721-26-2,1.075 ,100,DCM,400,60/40,10,2024-12-11_18-08-13.xlsx,NH2,540,1651,CCOC(=O)C1=C(N=CC=C1)C,540,1651
1721-26-2,1.076 ,100,DCM,400,50/50,10,2024-12-11_18-13-28.xlsx,NH2,579,2125,CCOC(=O)C1=C(N=CC=C1)C,579,2125
146070-34-0,1.358 ,100,DCM,400,90/10,10,2024-12-11_18-16-48.xlsx,NH2,267,768,C1=CC(=C(C=C1C(F)(F)F)F)C#N,267,768
146070-34-0,1.359 ,100,DCM,400,80/20,10,2024-12-11_18-20-29.xlsx,NH2,514,1160,C1=CC(=C(C=C1C(F)(F)F)F)C#N,514,1160
146070-34-0,1.360 ,100,DCM,400,70/30,10,2024-12-11_18-24-14.xlsx,NH2,533,1228,C1=CC(=C(C=C1C(F)(F)F)F)C#N,533,1228
146070-34-0,1.361 ,100,DCM,400,60/40,10,2024-12-11_18-27-39.xlsx,NH2,586,1046,C1=CC(=C(C=C1C(F)(F)F)F)C#N,586,1046
146070-34-0,1.362 ,100,DCM,400,50/50,10,2024-12-11_18-30-04.xlsx,NH2,556,1728,C1=CC(=C(C=C1C(F)(F)F)F)C#N,556,1728
21087-29-6,1.096,100,DCM,400,90/10,10,2024-12-11_18-37-16.xlsx,NH2,311,1700,C1=CC=C(C=C1)/C=C/CCl,311,1700
21087-29-6,1.096,100,DCM,400,80/20,10,2024-12-11_18-45-02.xlsx,NH2,507,3601,C1=CC=C(C=C1)/C=C/CCl,507,3601
21087-29-6,1.096,100,DCM,400,70/30,10,2024-12-11_18-52-18.xlsx,NH2,522,3307,C1=CC=C(C=C1)/C=C/CCl,522,3307
21087-29-6,1.096,100,DCM,400,60/40,10,2024-12-11_19-04-06.xlsx,NH2,519,6027,C1=CC=C(C=C1)/C=C/CCl,519,6027
21087-29-6,1.096,100,DCM,400,50/50,10,2024-12-11_19-11-12.xlsx,NH2,452,4504,C1=CC=C(C=C1)/C=C/CCl,452,4504
1655-07-8,1.064,100,DCM,400,90/10,10,2024-12-11_19-20-22.xlsx,NH2,202,910,CCOC(=O)C1CCCCC1=O,202,910
1655-07-8,1.064,100,DCM,400,80/20,10,2024-12-11_19-24-53.xlsx,NH2,508,1659,CCOC(=O)C1CCCCC1=O,508,1659
1655-07-8,1.064,100,DCM,400,70/30,10,2024-12-11_19-29-28.xlsx,NH2,271,1719,CCOC(=O)C1CCCCC1=O,271,1719
1655-07-8,1.064,100,DCM,400,60/40,10,2024-12-11_19-34-54.xlsx,NH2,509,2213,CCOC(=O)C1CCCCC1=O,509,2213
1655-07-8,1.064,100,DCM,400,50/50,10,2024-12-11_19-39-44.xlsx,NH2,548,1865,CCOC(=O)C1CCCCC1=O,548,1865
99-88-7,0.989,100,DCM,400,90/10,10,2024-12-11_19-44-05.xlsx,NH2,431,1200,CC(C)C1=CC=C(C=C1)N,431,1200
99-88-7,0.989,100,DCM,400,80/20,10,2024-12-11_19-47-20.xlsx,NH2,506,938,CC(C)C1=CC=C(C=C1)N,506,938
99-88-7,0.989,100,DCM,400,70/30,10,2024-12-11_19-52-01.xlsx,NH2,460,1764,CC(C)C1=CC=C(C=C1)N,460,1764
99-88-7,0.989,100,DCM,400,60/40,10,2024-12-11_19-56-01.xlsx,NH2,524,1366,CC(C)C1=CC=C(C=C1)N,524,1366
99-88-7,0.989,100,DCM,400,50/50,10,2024-12-11_20-01-32.xlsx,NH2,564,2259,CC(C)C1=CC=C(C=C1)N,564,2259
1671-75-6,0.946,100,DCM,400,90/10,10,2024-12-11_20-24-26.xlsx,NH2,314,1368,CCCCCCC(=O)C1=CC=CC=C1,314,1368
1671-75-6,0.946,100,DCM,400,80/20,10,2024-12-11_20-27-57.xlsx,NH2,363,1059,CCCCCCC(=O)C1=CC=CC=C1,363,1059
1671-75-6,0.946,100,DCM,400,70/30,10,2024-12-11_20-33-42.xlsx,NH2,518,2435,CCCCCCC(=O)C1=CC=CC=C1,518,2435
1671-75-6,0.946,100,DCM,400,60/40,10,2024-12-11_20-46-00.xlsx,NH2,529,6348,CCCCCCC(=O)C1=CC=CC=C1,529,6348
1671-75-6,0.946,100,DCM,400,50/50,10,2024-12-11_21-02-14.xlsx,NH2,513,8690,CCCCCCC(=O)C1=CC=CC=C1,513,8690
530-48-3,1.021,100,DCM,400,90/10,10,2024-12-12_09-24-34.xlsx,NH2,293,1573,C=C(C1=CC=CC=C1)C2=CC=CC=C2,293,1573
530-48-3,1.021,100,DCM,400,80/20,10,2024-12-12_09-29-50.xlsx,NH2,511,2114,C=C(C1=CC=CC=C1)C2=CC=CC=C2,511,2114
530-48-3,1.021,100,DCM,400,70/30,10,2024-12-12_09-46-44.xlsx,NH2,515,9063,C=C(C1=CC=CC=C1)C2=CC=CC=C2,515,9063
530-48-3,1.021,100,DCM,400,60/40,10,2024-12-12_10-08-05.xlsx,NH2,558,11754,C=C(C1=CC=CC=C1)C2=CC=CC=C2,558,11754
530-48-3,1.021,100,DCM,400,50/50,10,2024-12-12_10-38-39.xlsx,NH2,347,18075,C=C(C1=CC=CC=C1)C2=CC=CC=C2,347,18075
1714-29-0,1.4316,100,DCM,400,90/10,10,2024-12-12_10-55-17.xlsx,NH2,343,3144,C1=CC2=C3C(=C1)C=CC4=C(C=CC(=C43)C=C2)Br,343,3144
1714-29-0,1.4316,100,DCM,400,80/20,10,2024-12-12_11-20-02.xlsx,NH2,1943,6324,C1=CC2=C3C(=C1)C=CC4=C(C=CC(=C43)C=C2)Br,1943,6324
1714-29-0,1.4316,100,DCM,400,70/30,10,2024-12-12_11-45-24.xlsx,NH2,4936,14111,C1=CC2=C3C(=C1)C=CC4=C(C=CC(=C43)C=C2)Br,4936,14111
24324-17-2,1.0304,100,MeOH,400,90/10,10,2024-12-12_11-50-04.xlsx,NH2,230,1351,C1=CC=C2C(=C1)C(C3=CC=CC=C32)CO,230,1351
24324-17-2,1.0304,100,MeOH,400,80/20,10,2024-12-12_11-53-49.xlsx,NH2,549,1236,C1=CC=C2C(=C1)C(C3=CC=CC=C32)CO,549,1236
24324-17-2,1.0304,100,MeOH,400,70/30,10,2024-12-12_11-58-50.xlsx,NH2,553,1972,C1=CC=C2C(=C1)C(C3=CC=CC=C32)CO,553,1972
24324-17-2,1.0304,100,MeOH,400,60/40,10,2024-12-12_12-05-56.xlsx,NH2,562,3204,C1=CC=C2C(=C1)C(C3=CC=CC=C32)CO,562,3204
24324-17-2,1.0304,100,MeOH,400,50/50,10,2024-12-12_12-13-32.xlsx,NH2,606,3524,C1=CC=C2C(=C1)C(C3=CC=CC=C32)CO,606,3524
947-19-3,1.17,100,DCM,400,90/10,10,2024-12-12_12-30-00.xlsx,NH2,275,1345,C1CCC(CC1)(C(=O)C2=CC=CC=C2)O,275,1345
947-19-3,1.17,100,DCM,400,80/20,10,2024-12-12_12-33-15.xlsx,NH2,507,946,C1CCC(CC1)(C(=O)C2=CC=CC=C2)O,507,946
947-19-3,1.17,100,DCM,400,70/30,10,2024-12-12_12-37-20.xlsx,NH2,509,1448,C1CCC(CC1)(C(=O)C2=CC=CC=C2)O,509,1448
947-19-3,1.17,100,DCM,400,60/40,10,2024-12-12_12-41-36.xlsx,NH2,506,1511,C1CCC(CC1)(C(=O)C2=CC=CC=C2)O,506,1511
947-19-3,1.17,100,DCM,400,50/50,10,2024-12-12_12-47-42.xlsx,NH2,494,2623,C1CCC(CC1)(C(=O)C2=CC=CC=C2)O,494,2623
4132-28-9,1.22,100,DCM,400,90/10,10,2024-12-30_09-31-30.xlsx,NH2,368,882,C1=CC=C(C=C1)COC[C@@H]2[C@H]([C@@H]([C@H](C(O2)O)OCC3=CC=CC=C3)OCC4=CC=CC=C4)OCC5=CC=CC=C5,368,882
4132-28-9,1.22,100,DCM,400,80/20,10,2024-12-30_09-35-26.xlsx,NH2,545,1348,C1=CC=C(C=C1)COC[C@@H]2[C@H]([C@@H]([C@H](C(O2)O)OCC3=CC=CC=C3)OCC4=CC=CC=C4)OCC5=CC=CC=C5,545,1348
4132-28-9,1.22,100,DCM,400,70/30,10,2024-12-30_10-04-45.xlsx,NH2,374,1402,C1=CC=C(C=C1)COC[C@@H]2[C@H]([C@@H]([C@H](C(O2)O)OCC3=CC=CC=C3)OCC4=CC=CC=C4)OCC5=CC=CC=C5,374,1402
4132-28-9,1.22,100,DCM,400,60/40,10,2024-12-30_10-35-18.xlsx,NH2,1823,2013,C1=CC=C(C=C1)COC[C@@H]2[C@H]([C@@H]([C@H](C(O2)O)OCC3=CC=CC=C3)OCC4=CC=CC=C4)OCC5=CC=CC=C5,1823,2013
3601-90-9,1.46,100,DCM,400,90/10,10,2024-12-30_10-40-41.xlsx,NH2,295,1450,C1[C@@H]([C@H](OC1Cl)COC(=O)C2=CC=C(C=C2)Cl)OC(=O)C3=CC=C(C=C3)Cl,295,1450
3601-90-9,1.46,100,DCM,400,80/20,10,2024-12-30_10-45-17.xlsx,NH2,510,1730,C1[C@@H]([C@H](OC1Cl)COC(=O)C2=CC=C(C=C2)Cl)OC(=O)C3=CC=C(C=C3)Cl,510,1730
3601-90-9,1.46,100,DCM,400,70/30,10,2024-12-30_10-52-48.xlsx,NH2,545,3452,C1[C@@H]([C@H](OC1Cl)COC(=O)C2=CC=C(C=C2)Cl)OC(=O)C3=CC=C(C=C3)Cl,545,3452
3601-90-9,1.46,100,DCM,400,60/40,10,2024-12-30_11-09-17.xlsx,NH2,455,8835,C1[C@@H]([C@H](OC1Cl)COC(=O)C2=CC=C(C=C2)Cl)OC(=O)C3=CC=C(C=C3)Cl,455,8835
3601-90-9,1.46,100,DCM,400,50/50,10,2024-12-30_11-17-59.xlsx,NH2,3930,4185,C1[C@@H]([C@H](OC1Cl)COC(=O)C2=CC=C(C=C2)Cl)OC(=O)C3=CC=C(C=C3)Cl,3930,4185
4546-55-8,1.7,100,MeOH,400,90/10,10,2024-12-30_11-59-37.xlsx,NH2,265,993,C1=CC=C(C=C1)C(=O)NC2=C3C(=NC=N2)N(C=N3)[C@H]4[C@@H]([C@@H]([C@H](O4)CO)O)O,265,993
4546-55-8,1.7,100,MeOH,400,80/20,10,2024-12-30_12-03-33.xlsx,NH2,569,1339,C1=CC=C(C=C1)C(=O)NC2=C3C(=NC=N2)N(C=N3)[C@H]4[C@@H]([C@@H]([C@H](O4)CO)O)O,569,1339
4546-55-8,1.7,100,MeOH,400,70/30,10,2024-12-30_12-07-03.xlsx,NH2,689,1051,C1=CC=C(C=C1)C(=O)NC2=C3C(=NC=N2)N(C=N3)[C@H]4[C@@H]([C@@H]([C@H](O4)CO)O)O,689,1051
4546-55-8,1.7,100,MeOH,400,60/40,10,2024-12-30_12-11-18.xlsx,NH2,552,1503,C1=CC=C(C=C1)C(=O)NC2=C3C(=NC=N2)N(C=N3)[C@H]4[C@@H]([C@@H]([C@H](O4)CO)O)O,552,1503
4546-55-8,1.7,100,MeOH,400,50/50,10,2024-12-30_12-15-39.xlsx,NH2,603,1574,C1=CC=C(C=C1)C(=O)NC2=C3C(=NC=N2)N(C=N3)[C@H]4[C@@H]([C@@H]([C@H](O4)CO)O)O,603,1574
